Date,Title,Date,"Community (city,town, ward)",LGA,State,Total Deaths,Boko Haram (P),State Actor (P),Sectarian Actor (excluding BH) (P),Other Armed Actor (P),Kidnapper (P),Robber (P),Other (P),Election-related Actor (P),Cameroon State Actor (P),Boko Haram (V),State Actor (V),Sectarian Actor (V),Other Armed Actor (V),Political Actor (V),Kidnapper (V),Kidnapee (V),Robber (V),Journalist (V),Civilian (V),Election-related Actor (V),Cameroon State Actor,Bomb,Gun,Machete,Suicide Bombing,Other Weapon,TK,Drinking Establishment,Goverment Building,Church,Mosque,Bank,School,Other Location,Notes,Sources 1,Sources 2,Sources 3,Latitude,Longitude,full place name
2011-10-02,Attacks in Zamfara Leave Nineteen Dead,10/2/2011,Lingyado,,Zamfara,19.0,,,,,,,,,,,,,,,,,,,,,,,Gun,,,,,,,,,,,,,http://news.yahoo.com/19-killed-communal-clashes-north-nigeria-125559763.html,http://allafrica.com/stories/201110030310.html,,,,", Zamfara, Nigeria"
2012-02-06,Gunmen Assassinate Businessman in Zamfara,2/6/2012,Gusau Road,Maru,Zamfara,1.0,,,,Other Armed Actor,,,,,,,,,,,,,,,1.0,,,,Gun,,,,Targeted Killing,,,,,,,Other,one report,http://allafrica.com/stories/201202080505.html,,,,,"Maru, Zamfara, Nigeria"
2012-06-10,Gunmen Kill 27 in Zamfara,6/10/2012,Dangulbi,Maru,Zamfara,27.0,,,Sectarian Actor,,,,,,,,1.0,26.0,,,,,,,,,,,Gun,,,,,,,,,,,Other,"although reported as robbers, nothing was stonlen, indicating that this was a reprisal attack by criminals against security operations in the state.",http://allafrica.com/stories/201206120146.html,http://allafrica.com/stories/201206120168.html,,,,"Maru, Zamfara, Nigeria"
2012-10-31,Gunmen kill Kaboro Village Head And 16 Others in 4 a.m. Shooting Spree,10/31/2012,Kaboro,,Zamfara,20.0,,,,Other Armed Actor,,,,,,,,,,,,,,,20.0,,,,Gun,,,,,,,,,,,Other,,http://saharareporters.com/news-page/gunmen-kill-kaboro-village-head-and-16-others-4-am-shooting-spree-%C2%A0,http://www.foxnews.com/world/2012/10/31/20-dead-in-north-nigeria-attack-officials-say/,,,,", Zamfara, Nigeria"
2012-12-14,Ex-Zamfara Commissioner Shot Dead,12/14/2012,,Gusau,Zamfara,1.0,,,,Other Armed Actor,,,,,,,,,,1.0,,,,,,,,,Gun,,,,Targeted Killing,,,,,,,Other,,http://247ureports.com/ex-zamfara-commissioner-shot-dead/,http://www.tribune.com.ng/news2013/index.php/en/component/k2/item/1357-boko-haram-wants-to-attack-me-benue-gov,,,,"Gusau, Zamfara, Nigeria"
2012-12-14,Gunmen Kill 10 Vigilantes in Zamfara,12/14/2012,Rukudawa Village,Zurmi,Zamfara,10.0,,,,Other Armed Actor,,,,,,,,,10.0,,,,,,,,,,Gun,,,,,,,,,,,Other,,http://allafrica.com/stories/201212170816.html,http://www.vanguardngr.com/2012/12/gunmen-kill-10-vigilante-members-in-zamfara-cut-off-private-parts/,,,,"Zurmi, Zamfara, Nigeria"
2013-01-05,Bandits Kill 7 in Northern Nigeria,1/5/2013,,,Zamfara,0.0,,,,,,,,,,,,,,,,,,,,,,,,,,,,,,,,,,,,http://www.modernghana.com/news/438294/1/bandits-kill-seven-in-northern-nigeria-official.html,http://allafrica.com/stories/201301070250.html,http://allafrica.com/stories/201301070250.html,,,", Zamfara, Nigeria"
2013-01-05,Bandits Kill 7 in Northern Nigeria,1/5/2013,,,Zamfara,10.0,,,Sectarian Actor,,,,,,,,,10.0,,,,,,,,,,,Gun,,,,,,,,Mosque,,,,,http://www.modernghana.com/news/438294/1/bandits-kill-seven-in-northern-nigeria-official.html,http://allafrica.com/stories/201301070250.html,,,,", Zamfara, Nigeria"
2013-02-24,Seven killed in fresh gunmen attack in northern Nigeria,2/24/2013,Beni,Maru,Zamfara,7.0,,,,Other Armed Actor,,,,,,,,,,,,,,,7.0,,,,Gun,,,,,,,,,,,Other,,http://news.xinhuanet.com/english/world/2013-02/25/c_132189266.htm,http://www.naijahidi.org/reports/view/836,,,,"Maru, Zamfara, Nigeria"
2013-06-18,Gunmen Kill 50 in Zamfara,6/18/2013,Kizara,Tsafe,Zamfara,52.0,,,Sectarian Actor,,,,,,,,,52.0,,,,,,,,,,,Gun,,,,,,,,,,,,,http://allafrica.com/stories/201306190198.html?viewall=1,http://www.naharnet.com/stories/en/87440-armed-gang-kills-48-in-raid-in-nigeria,http://blueprintng.com/new/2013/06/gunmen-kill-65-in-zamfara-borno/,,,"Tsafe, Zamfara, Nigeria"
2013-10-19,Angry youth attack Zamfara governor’s convoy,10/19/2013,Birnin-magajiin,,Zamfara,0.0,,,Sectarian Actor,,,,,,,,,0.0,,,,,,,,,,,,,,,,,,,,,,,,http://premiumtimesng.com/news/146952-angry-youth-attack-zamfara-governors-convoy.html?utm_source=rss&utm_medium=rss&utm_campaign=angry-youth-attack-zamfara-governors-convoy,,,,,", Zamfara, Nigeria"
2013-11-14,Hoodlums raze Zamfara police station to free cows,11/14/2013,Dansadau,,Zamfara,0.0,,,,,,,Other,,,,0.0,,,,,,,,,,,,,,,Other,,,Government Building,,,,,,,http://www.punchng.com/news/hoodlums-raze-zamfara-police-station-to-free-cows/,,,,,", Zamfara, Nigeria"
2013-12-01,Police kill 13,12/1/2013,Bimin Tudu,Bakura,Zamfara,13.0,,State Actor,,,,,,,,,,,,,,,13.0,,,,,,Gun,,,,,,,,,,,Other,,http://blueprintng.com/new/2013/12/02/zamfara-police-kill-13-suspected-armed-robbers/,,,,,"Bakura, Zamfara, Nigeria"
2014-02-09,"Gunmen kill 15, one policeman in Zamfara",2/9/2014,"Tungar Rakumi, Mallamawa, Kangarawa",Maru,Zamfara,16.0,,,Sectarian Actor,,,,,,,,1.0,,,,,,,,15.0,,,,Gun,,,,,,,,,,,,,http://www.punchng.com/news/gunmen-kill-15-one-policeman-in-zamfara/,,,#ERROR! ( Service invoked too many times in a short time: geocode. Try Utilities.sleep(1000) between calls. (line 10).),#ERROR! ( Service invoked too many times in a short time: geocode. Try Utilities.sleep(1000) between calls. (line 27).),"Maru, Zamfara, Nigeria"
2014-04-03,Gunmen attack two villages,4/3/2014,Maitsaba and Birnin-Tsaba,Zurmi,Zamfara,28.0,,,,Other Armed Actor,,,,,,,,,,,,,,,28.0,,,,Gun,,,,,,,,,,,,,http://allafrica.com/stories/201404050027.html,,,12.8088785,#ERROR! ( Service invoked too many times in a short time: geocode. Try Utilities.sleep(1000) between calls. (line 27).),"Zurmi, Zamfara, Nigeria"
2014-04-05,112 killed in Zamfara by Fulani ,4/5/2014,Yar Galadima,Maru,Zamfara,200.0,,,Sectarian Actor,,,,,,,,,200.0,,,,,,,,,,,Gun,,,,,,,,,,,Other,Attacked a meeting of commuinty leaders,http://www.aljazeera.com/news/africa/2014/04/dozens-killed-nigeria-land-dispute-201446125830743793.html,http://www.bbc.com/news/world-africa-26913046,http://www.premiumtimesng.com/news/158203-zamfara-attack-112-buried-governor-yari-vows-action.html,38.8828158,#ERROR! ( Service invoked too many times in a short time: geocode. Try Utilities.sleep(1000) between calls. (line 27).),"Maru, Zamfara, Nigeria"
2014-11-02,42 killed in Zamfara by cattle rustlers,11/2/2014,Gidan Kaso,Birnin Magaji/Kiyaw,Zamfara,42.0,,,Sectarian Actor,,,,,,,,,42.0,,,,,,,,,,,Gun,,,,,,,,,,,Other,,http://www.vanguardngr.com/2014/11/42-killed-zamfara-cattle-rustlers/,,,12.53742027,6.778659821,"Birnin Magaji/Kiyaw, Zamfara, Nigeria"
2014-11-26,8 bandits killed in Zamfara,11/26/2014,Wonaka,Gusau,Zamfara,8.0,,State Actor,,,,,,,,,,,,,,,8.0,,,,,,,,,,,,,,,,,Other,,http://www.dailytrust.com.ng/daily/news/40564-8-bandits-killed-in-zamfara,,,12.17327976,6.666550159,"Gusau, Zamfara, Nigeria"
2015-03-20,Gunmen Kidnap Emir Of Bukukuyum In Zamfara,3/20/2015,,Bukkuyum,Zamfara,0.0,,,,,Kidnapper,,,,,,,,,,,1.0,,,,,,,Gun,,,,,,,,,,,Other,,http://leadership.ng/news/419208/gunmen-kidnap-emir-of-bukukuyum-in-zamfara,,,12.13360023,5.468090057,"Bukkuyum, Zamfara, Nigeria"
2015-07-04,"Cattle Rustlers Kill 40, Injure Many in Zamfara",7/4/2015,Kokeya and Chigama,Birnin Magaji/Kiyaw,Zamfara,40.0,,,,Other Armed Actor,,,,,,,,,,,,,,,40.0,,,,Gun,,,,,,,,,,,Other,,http://www.premiumtimesng.com/news/headlines/186097-gunmen-storm-zamfara-communities-kill-30.html,http://allafrica.com/stories/201507090243.html,,12.53742027,6.778659821,"Birnin Magaji/Kiyaw, Zamfara, Nigeria"
2016-01-15,Gunmen invade police station in Zamfara,1/15/2016,Kanoma,Maru,Zamfara,0.0,,State Actor,,Other Armed Actor,,,,,,,0.0,,,,,,,,,,,,Gun,,,,,,Government Building,,,,,,,http://www.premiumtimesng.com/news/more-news/196871-gunmen-invade-police-station-in-zamfara.html,,,11.64836025,6.246029854,"Maru, Zamfara, Nigeria"
2016-02-06,Gunmen Massacre 50 in Zamfara,2/6/2016,Kwanar Dutse,Maru,Zamfara,50.0,,,Sectarian Actor,,,,,,,,,50.0,,,,,,,,,,,Gun,,,Other,,,,,,,,Other,,http://www.thisdaylive.com/articles/gunmen-massacre-50-in-zamfara/231554/,http://nation.com.pk/international/09-Feb-2016/at-least-23-killed-in-nw-nigeria-attack,,11.64836025,6.246029854,"Maru, Zamfara, Nigeria"
2016-03-17,Police confirm 9 killed in village attack in Zamfara ,3/17/2016,Daraga,Maru,Zamfara,9.0,,,Sectarian Actor,,,,,,,,,9.0,,,,,,,,,,,Gun,,,,,,,,,,,Other,,http://www.vanguardngr.com/2016/03/police-confirm-9-killed-village-attack-zamfara/,,,11.64836025,6.246029854,"Maru, Zamfara, Nigeria"
2016-04-08,"Soldiers Kill 4 Rustlers, Injure Others In Zamfara",4/8/2016,,Gusau,Zamfara,4.0,,State Actor,,,,,,,,,,,,,,,4.0,,,,,,,,,,,,,,,,,Other,,http://leadership.ng/news/517078/faceoff-soldiers-kill-4-rustlers-injure-others-zamfara,,,12.17327976,6.666550159,"Gusau, Zamfara, Nigeria"
2016-05-03,"Troops Arrest 5 Wanted Bandits, Kill 2 Cattle Rustlers ",5/3/2016,,Bungudu,Zamfara,2.0,,State Actor,,,,,,,,,,,,,,,2.0,,,,,,,,,,,,,,,,,Other,,http://leadership.ng/news/523584/troops-arrest-5-wanted-bandits-kill-2-cattle-rustlers-kaduna-zamfara,,,12.064275,6.538555,"Bungudu, Zamfara, Nigeria"
2016-05-04,Troops kill 18 cattle rustlers in Zamfara,5/4/2016,Dansadau,Maru,Zamfara,18.0,,State Actor,,,,,,,,,,,,,,,18.0,,,,,,Gun,,,,,,,,,,,Other,,http://www.punchng.com/troops-kill-18-cattle-rustlers-zamfara/,http://www.premiumtimesng.com/regional/nnorth-east/202970-nigerian-troops-foil-attack-armed-bandits-adamawa-villages.html,,11.64836025,6.246029854,"Maru, Zamfara, Nigeria"
2016-06-20,Soldiers kill 9 bandits in Zamfara,6/20/2016,Dansadau,Maru,Zamfara,19.0,,State Actor,,,,Robber,,,,,,,,,,,19.0,,,,,,Gun,,,,,,,,,,,Other,,http://www.premiumtimesng.com/news/more-news/205739-soldiers-kill-9-bandits-zamfara.html,,,11.64836025,6.246029854,"Maru, Zamfara, Nigeria"
2016-06-26,Soldiers kill 4 armed bandits in Zamfara,6/26/2016,,Maru,Zamfara,4.0,,State Actor,,,,Robber,,,,,,,,,,,4.0,,,,,,Gun,,,,,,,,,,,Other,,http://www.premiumtimesng.com/regional/nwest/205939-soldiers-kill-4-armed-bandits-zamfara-spokesperson.html,http://nationalmirroronline.net/new/troops-kill-four-cattle-rustlers-in-zamfara/,,11.64836025,6.246029854,"Maru, Zamfara, Nigeria"
2016-06-28,Troops kill cattle rustlers in Zamfara,6/28/2016,,Maru,Zamfara,3.0,,State Actor,,,,Robber,,,,,,,,,,,3.0,,,,,,Gun,,,,,,,,,,,Other,,http://nationalmirroronline.net/new/troops-kill-scores-of-terrorists-in-borno-zamfara/,http://saharareporters.com/2016/06/28/troops-raid-armed-bandits-camp-rikwa-zamfara-state,,11.64836025,6.246029854,"Maru, Zamfara, Nigeria"
2016-07-16,Nigerian troops kill 11 suspected criminals in Zamfara,7/16/2016,Madaka,Maru,Zamfara,11.0,,State Actor,,,,Robber,,,,,,,,,,,11.0,,,,,,Gun,,,,,,,,,,,Other,,http://www.premiumtimesng.com/regional/nwest/207040-nigerian-troops-kill-11-suspected-criminals-zamfara.html,http://www.vanguardngr.com/2016/07/11-bandits-boko-haram-spy-killed-killed-zamfara-borno/,http://news2.onlinenigeria.com/news/general/496064-army-kills-11-bandits-cattle-rustlers-in-borno.html,11.64836025,6.246029854,"Maru, Zamfara, Nigeria"
2016-07-04,"Gunmen Killed 16, Injured 8, Rustled 40 Cows In Zamfara",7/4/2016,Rowan Messa,Bungudu,Zamfara,16.0,,,Sectarian Actor,,,,,,,,,16.0,,,,,,,,,,,Gun,,,,,,,,,,,Other,,http://leadership.ng/news/542412/gunmen-killed-16-injured-8-rustled-40-cows-zamfara,,,12.26770973,6.550749779,"Bungudu, Zamfara, Nigeria"
2016-08-22,8 murdered over alleged blasphemy against Islam,8/22/2016,,Talata Mafara,Zamfara,8.0,,,,,,,Other,,,,,,,,,,,,8.0,,,,,,,Other,,,,,,,,Other,,http://pulse.ng/local/in-zamfara-8-murdered-over-alleged-blasphemy-against-islam-id5407680.html,http://nationalmirroronline.net/new/8-burnt-to-death-in-polytechnic-for-blasphemy/,http://www.naharnet.com/stories/en/215272-muslim-mob-kills-eight-in-northern-nigeria,12.5649004,6.066579819,"Talata Mafara, Zamfara, Nigeria"
2016-08-28,Soldiers kill 20 cattle rustlers,8/28/2016,Dansadau,Maru,Zamfara,20.0,,State Actor,,,,Robber,,,,,,,,,,,20.0,,,,,,Gun,,,,,,,,,,,Other,,http://sunnewsonline.com/soldiers-kill-20-cattle-rustlers/,,,11.64836025,6.246029854,"Maru, Zamfara, Nigeria"
2016-08-29,"Troops kill suspected cattle rustlers, recover 209 cows, weapons",8/29/2016,,Zurmi,Zamfara,2.0,,State Actor,,,,,,,,,,,,,,,2.0,,,,,,,,,,,,,,,,,Other,,http://pulse.ng/local/kaduna-zamfara-troops-kill-suspected-cattle-rustlers-recover-209-cows-weapons-id5433228.html,http://www.peoplesdailyng.com/troops-kill-2-bandits-recover-1271-cows-goats-in-zamfara/,,12.78777027,6.773849964,"Zurmi, Zamfara, Nigeria"
2016-09-14,Soldiers kill 7 cattle rustlers,9/14/2016,Dumburum forest,Zurmi,Zamfara,7.0,,State Actor,,,,,,,,,,,,,,,7.0,,,,,,,,,,,,,,,,,Other,,http://sunnewsonline.com/soldiers-kill-4-boko-haram-terrorists-7-cattle-rustlers/,,,12.78777027,6.773849964,"Zurmi, Zamfara, Nigeria"
2016-09-23,"Troops kill 2 cattle rustlers, recover 7 cows, 1 car",9/23/2016,,Gusau,Zamfara,2.0,,State Actor,,,,,,,,,,,,,,,2.0,,,,,,,,,,,,,,,,,Other,Also Zurmi LGA,http://www.vanguardngr.com/2016/09/troops-kill-2-cattle-rustlers-recover-7-cows-1-car/,,,12.17327976,6.666550159,"Gusau, Zamfara, Nigeria"
2016-10-18,Troops gun down 4 cattle rustlers,10/18/2016,Masafa,Talata Mafara,Zamfara,4.0,,State Actor,,,,,,,,,,,,,,,4.0,,,,,,,,,,,,,,,,,Other,,http://www.premiumtimesng.com/news/headlines/213170-troops-gun-4-cattle-rustlers-arrest-3-kidnappers.html,,,12.5649004,6.066579819,"Talata Mafara, Zamfara, Nigeria"
2016-10-26,Gunmen kidnap LG vice chairman in Zamfara,10/26/2016,,Anka,Zamfara,0.0,,,,,Kidnapper,,,,,,,,,,,1.0,,,,,,,Gun,,,,,,,,,,,Other,,http://dailypost.ng/2016/10/26/gunmen-kidnap-lg-vice-chairman-zamfara/,,,12.11058044,5.93061018,"Anka, Zamfara, Nigeria"
2016-11-07,Gunmen kill 40 gold miners in northern Nigeria,11/7/2016,Gidan Ardo,Maru,Zamfara,40.0,,,,Other Armed Actor,,,,,,,,,,,,,,,40.0,,,,Gun,,,,,,,,,,,Other,suspected cattle rustlers,http://af.reuters.com/article/nigeriaNews/idAFL8N1D983Z?feedType=RSS&feedName=nigeriaNews,http://www.premiumtimesng.com/news/headlines/214773-gunmen-killed-40-people-zamfara-residents.html,http://sunnewsonline.com/gunmen-kill-over-40-miners-in-zamfara/,11.64836025,6.246029854,"Maru, Zamfara, Nigeria"
2016-11-18,Armed bandits kill 29 in Zamfara,11/18/2016,,Maradun,Zamfara,29.0,,,,,,Robber,,,,,,,,,,,,,29.0,,,,Gun,,,,,,,,,,,Other,,http://sunnewsonline.com/armed-bandits-kill-31-kidnap-40-in-zamfara/,http://news2.onlinenigeria.com/news/general/564856-bandits-kill-25-in-zamfara-fresh-attack.html,,12.552363,6.16284,"Maradun, Zamfara, Nigeria"
2016-11-18,"Armed bandits kill 6, kidnap 40 in Zamfara",11/18/2016,,Maru,Zamfara,6.0,,,,,,Robber,,,,,2.0,,,,,40.0,,,4.0,,,,Gun,,,,,,,,,,,Other,,http://sunnewsonline.com/armed-bandits-kill-31-kidnap-40-in-zamfara/,http://www.premiumtimesng.com/news/headlines/215792-tragedy-two-weeks-killing-40-people-gunmen-kidnap-another-40.html,,11.64836025,6.246029854,"Maru, Zamfara, Nigeria"
2016-11-19,"Zamfara: Bandits kill 2 policemen, 23 others in fresh attack",11/19/2016,"Dole, Tudun Bugaje and Kwangwami ",Zurmi,Zamfara,25.0,,,,,,Robber,,,,,2.0,,,,,,,,23.0,,,,,,,,,,,,,,,Other,,http://sunnewsonline.com/zamfara-bandits-kill-2-policemen-7-others-in-fresh-attack/,,,12.78777027,6.773849964,"Zurmi, Zamfara, Nigeria"
2017-01-26,One confirmed dead as gunmen storm Zamfara community,1/26/2017,Magazu ,,Zamfara,1.0,,,Sectarian Actor,,,,,,,,,1.0,,,,,,,,,,,,,,,,,,,,,,,,http://www.premiumtimesng.com/news/headlines/221770-one-confirmed-dead-gunmen-storm-zamfara-community.html,,,11.9116,6.95385,", Zamfara, Nigeria"
2017-02-08,"Gunmen invade another Zamfara community, kill three",2/8/2017,Rungumawa,Chafe,Zamfara,3.0,,,,,,Robber,,,,,,,,,,,,,3.0,,,,Gun,,,,,,,,,,,Other,,http://www.premiumtimesng.com/news/headlines/223075-gunmen-invade-another-zamfara-community-kill-three.html,,,11.95862007,6.918039799,"Chafe, Zamfara, Nigeria"
2017-02-18,Dozens killed as Suspected cattle rustlers invade Zamfara,2/18/2017,Yanware,Chafe,Zamfara,24.0,,,,,,Robber,,,,,,,,,,,,,24.0,,,,Gun,,,,,,,,,,,Other,"""dozens"" killed",https://dailytimes.ng/news/dozens-killed-suspected-cattle-rustlers-invade-zamfara/,http://www.vanguardngr.com/2017/02/cattle-rustlers-invade-zamfara-kill-dozens/,,11.95862007,6.918039799,"Chafe, Zamfara, Nigeria"
2017-05-08,Notorious armed bandit killed in Zamfara,5/8/2017,Yartukunya,Bungudu,Zamfara,1.0,,State Actor,,,,Robber,,,,,,,,,,,1.0,,,,,,Gun,,,,,,,,,,,Other,,http://www.vanguardngr.com/2017/05/notorious-armed-bandit-killed-zamfara/,,,12.26589966,6.552120209,"Bungudu, Zamfara, Nigeria"
2017-09-21,"Gunmen invade Zamfara FRSC command, kill official",9/21/2017,,Chafe,Zamfara,2.0,,State Actor,,Other Armed Actor,,,,,,,1.0,,1.0,,,,,,,,,,Gun,,,,,,Government Building,,,,,,,http://punchng.com/gunmen-invade-zamfara-frsc-command-kill-official/,https://www.premiumtimesng.com/news/headlines/243839-gunmen-invade-frsc-state-command-kill-official-another-missing.html,https://www.vanguardngr.com/2017/09/troops-kill-one-bandit-recover-2-ak-47-rifles-zamfara/,11.96409988,6.914760113,"Chafe, Zamfara, Nigeria"
2017-10-21,120 People Allegedly Killed By Herdsmen Over The Weekend In Zamfara State Laid To Rest,10/21/2017,,,Zamfara,120.0,,,Sectarian Actor,,,,,,,,,120.0,,,,,,,,,,,,,,,,,,,,,,Other,"Other articles refute this incident as ""fake news""",https://www.nationalmirroronline.net/sad-120-people-allegedly-killed-herdsmen-weekend-zamfara-state-laid-rest/,https://www.premiumtimesng.com/regional/nwest/247396-zamfara-police-speak-alleged-massacre-120-residents-herdsmen.html,,12.09470654,6.246621132,", Zamfara, Nigeria"
2017-10-27,Army confirms ambush on soldiers in Zamfara,10/27/2017,,Maru,Zamfara,5.0,,State Actor,,,,Robber,,,,,0.0,,,,,,5.0,,,,,,Gun,,,,,,,,,,,Other,"""a number"" of the bandits were killed by soldiers",http://sunnewsonline.com/army-confirms-ambush-on-soldiers-in-zamfara/,,,11.65114021,6.247069836,"Maru, Zamfara, Nigeria"
2017-11-17,Many killed as armed men invade Zamfara communities again,11/17/2017,,Maradun,Zamfara,3.0,,,,Other Armed Actor,,,,,,,,,,,,,,,3.0,,,,,,,,,,,,,,,Other,,https://www.premiumtimesng.com/regional/nwest/249969-many-killed-armed-men-invade-zamfara-communities.html,http://saharareporters.com/2017/11/19/police-confirm-fresh-attacks-zamfara-communities,https://www.vanguardngr.com/2017/11/police-confirms-fresh-attacks-zamfara-communities/,12.75452042,6.28181982,"Maradun, Zamfara, Nigeria"
2017-11-17,Many killed as armed men invade Zamfara communities again,11/17/2017,,Shinkafi,Zamfara,22.0,,,,Other Armed Actor,,,,,,,,,,,,,,,22.0,,,,Gun,,,,,,,,,,,Other,,https://www.premiumtimesng.com/regional/nwest/249969-many-killed-armed-men-invade-zamfara-communities.html,http://saharareporters.com/2017/11/19/police-confirm-fresh-attacks-zamfara-communities,https://www.dailytrust.com.ng/bandits-kill-17-in-zamfara-villages.html,13.10760021,6.437059879,"Shinkafi, Zamfara, Nigeria"
2018-01-02,Police patrol team kills suspected armed bandit in Zamfara,1/2/2018,,Bukkuyum,Zamfara,1.0,,State Actor,,,,Robber,,,,,,,,,,,1.0,,,,,,Gun,,,,,,,,,,,Other,,https://www.vanguardngr.com/2018/01/police-patrol-team-kills-suspected-armed-bandit-zamfara/,,,12.13644028,5.466430187,"Bukkuyum, Zamfara, Nigeria"
2018-01-22,"Gunmen abduct Zamfara lawmaker’s two children, kill six",1/22/2018,Gora,Maradun,Zamfara,6.0,,,,,Kidnapper,,,,,,,,,,,2.0,,,6.0,,,,Gun,,,,,,,,,,,Other,,http://punchng.com/gunmen-abduct-zamfara-lawmakers-two-children-demand-n10m/,https://www.premiumtimesng.com/news/top-news/256346-gunmen-abduct-reps-two-children-kill-three-villagers.html,https://www.vanguardngr.com/2018/01/gunmen-abduct-zamfara-reps-2-children-kill-3-villagers/,12.75452042,6.28181982,"Maradun, Zamfara, Nigeria"
2018-02-14,41 people killed by bandits in fresh attack on Zamfara community,2/14/2018,Birane,Zurmi,Zamfara,41.0,,,Sectarian Actor,,,,,,,,,41.0,,,,,,,,,,,Gun,,,Other,,,,,,,,Other,,https://www.premiumtimesng.com/regional/nwest/258782-18-people-killed-in-fresh-attack-on-zamfara-community.html,https://www.vanguardngr.com/2018/02/gunmen-kill-41-traders-bridesmaid-zamfara/,https://af.reuters.com/article/africaTech/idAFL8N1Q64QY?feedType=RSS&feedName=nigeriaNews,12.78989,6.776800156,"Zurmi, Zamfara, Nigeria"
2018-02-25,Suspected kidnapper killed in shootout with police,2/25/2018,,Talata Mafara,Zamfara,1.0,,State Actor,,,Kidnapper,,,,,,,,,,1.0,,,,,,,,Gun,,,,,,,,,,,Other,,https://www.premiumtimesng.com/news/more-news/259865-suspected-kidnapper-killed-shootout-police-official.html,https://www.vanguardngr.com/2018/02/police-kill-suspected-kidnapper-zamfara-recover-arms/,,12.56489,6.065299988,"Talata Mafara, Zamfara, Nigeria"
2018-03-28,Bandits Kill 36 In Zamfara Village,3/28/2018,Bawon-Daji,Anka,Zamfara,36.0,,State Actor,,Other Armed Actor,,,,,,,,,,,,,,,36.0,,,,Gun,,,,,,,,,,,Other,,http://punchng.com/breaking-gunmen-kill-15-herdsmen-in-zamfara/,http://saharareporters.com/2018/03/30/bandits-kill-32-zamfara-village,https://www.vanguardngr.com/2018/03/death-toll-zamfara-herding-village-attack-rises-36/,12.11237,5.930180073,"Anka, Zamfara, Nigeria"
2018-04-04,"Nigerian Army Confirms Two Soldiers, 21 Suspected Bandits Killed In Zamfara",4/4/2018,Tunga Daji,Anka,Zamfara,23.0,,State Actor,,,,Robber,,,,,2.0,,,,,,21.0,,,,,,Gun,,,,,,,,,,,Other,,http://saharareporters.com/2018/04/05/nigerian-army-confirms-two-soldiers-21-suspected-bandits-killed-zamfara,http://punchng.com/two-soldiers-21-bandits-killed-in-zamfara-shootout-army/,https://www.premiumtimesng.com/regional/nwest/264124-nigerian-army-confirms-two-soldiers-21-suspected-bandits-killed-in-zamfara.html,12.11237,5.930180073,"Anka, Zamfara, Nigeria"
2018-04-11,Scores killed in fresh attack by bandits on Zamfara villages,4/11/2018,"Kuru-kuru, Jarkuka",Anka,Zamfara,40.0,,,,,,Robber,,,,,,,,,,,,,40.0,,,,Gun,,,,,,,,,,,Other,"""scores killed""",https://www.premiumtimesng.com/regional/nwest/264807-scores-killed-in-fresh-attack-on-zamfara-villages.html,https://www.vanguardngr.com/2018/04/bandits-attack-2-zamfara-villages-kill-scores/,http://punchng.com/scores-feared-killed-as-gunmen-hit-zamfara/,12.11237,5.930180073,"Anka, Zamfara, Nigeria"
2018-04-20,"Again, bandits kill 30 in Zamfara",4/20/2018,"Kabaro, Danmani Hausawa and Danmani Dakarkari ",Maru,Zamfara,30.0,,,,Other Armed Actor,,,,,,,,,,,,,,,30.0,,,,Gun,,,,,,,,,,,Other,cattle rustler gang,http://sunnewsonline.com/again-bandits-kill-30-in-zamfara/,https://www.premiumtimesng.com/news/headlines/265729-police-confirm-15-killed-in-zamfara-attack.html,http://www.punchng.com/27-killed-in-zamfara-gang-violence/,11.65114,6.247069836,"Maru, Zamfara, Nigeria"
2018-05-02,13 killed as cattle thieves attack Zamfara village,5/2/2018,Fankashi,Maru,Zamfara,13.0,,,,Other Armed Actor,,,,,,,,,13.0,,,,,,,,,,Gun,,,,,,,,,,,Other,gun fight btwn. bandits and vigilantes; both sides killed,http://www.punchng.com/13-killed-as-cattle-thieves-attack-zamfara-village/,http://sunnewsonline.com/13-killed-in-fresh-attack-on-zamfara-community/,https://www.vanguardngr.com/2018/05/13-killed-cattle-rustlers-attack-nigerian-village/,11.65114,6.247069836,"Maru, Zamfara, Nigeria"
2018-05-11,Troops kill eight bandits in Zamfara,5/11/2018,"Dansadau, Kabaro and Sangeko",Maru,Zamfara,8.0,,State Actor,,Other Armed Actor,,,,,,,,,8.0,,,,,,,,,,Gun,,,,,,,,,,,Other,,http://www.punchng.com/troops-kill-eight-bandits-in-zamfara/,https://www.premiumtimesng.com/regional/nwest/268088-nigerian-army-ambushes-bandits-kills-three-in-zamfara.html,http://sunnewsonline.com/army-troops-kill-8-bandits-zamfara/,11.65114,6.247069836,"Maru, Zamfara, Nigeria"
2018-05-14,"Troops kill bandit in shootout, rescue kidnapped victim",5/14/2018,Dansadau and Gidan Kawoje,Maru,Zamfara,1.0,,State Actor,,Other Armed Actor,,,,,,,,,1.0,,,,,,,,,,Gun,,,,,,,,,,,Other,,http://punchng.com/troops-kill-bandit-in-shootout-rescue-kidnapped-victim/,http://sunnewsonline.com/army-kills-bandit-destroys-camps-in-zamfara/,,11.65114,6.247069836,"Maru, Zamfara, Nigeria"
2018-05-22,"Gunmen Abduct Zamfara Commissioner's Wife, Six Children",5/22/2018,Gurbin Bore,Zurmi,Zamfara,0.0,,,,,Kidnapper,,,,,,,,,,,7.0,,,,,,,Gun,,,,,,,,,,,Other,,http://saharareporters.com/2018/05/22/gunmen-abduct-zamfara-commissioners-wife-six-children,https://www.premiumtimesng.com/news/top-news/269317-gunmen-abduct-commissioners-wife-six-children.html,https://www.vanguardngr.com/2018/05/breaking-gunmen-abduct-commissioners-wife-6-children-zamfara/,12.78989,6.776800156,"Zurmi, Zamfara, Nigeria"
2018-05-25,Seven die in fresh Zamfara attack,5/25/2018,Gidan-Labbo,Maradun,Zamfara,7.0,,,,Other Armed Actor,,,,,,,,,,,,,,,7.0,,,,Gun,,,,,,,,,,,Other,,http://punchng.com/seven-die-in-fresh-zamfara-attack/,,,12.75452,6.28181982,"Maradun, Zamfara, Nigeria"
2018-05-31,Police averts attack on Zamfara community,5/31/2018,Dokolo,Chafe,Zamfara,1.0,,State Actor,,Other Armed Actor,,,,,,,,,1.0,,,,,,,,,,Gun,,,,,,,,,,,Other,,https://guardian.ng/news/police-averts-attack-on-zamfara-community/,https://www.vanguardngr.com/2018/06/police-averts-attack-zamfara-community/,,11.9641,6.914760113,"Chafe, Zamfara, Nigeria"
2018-06-01,Fresh attack claims 23 lives in Zamfara,6/1/2018,Zakuna,Anka,Zamfara,23.0,,,,Other Armed Actor,,,,,,,,,,,,,,,23.0,,,,Gun,,,,,,,,,,,Other,,http://sunnewsonline.com/fresh-attack-claims-15-lives-in-zamfara/,https://www.vanguardngr.com/2018/06/breaking-another-15-killed-bandits-zamfara/,https://guardian.ng/news/cattle-rustlers-kill-23-in-northern-nigeria/,12.11237,5.930180073,"Anka, Zamfara, Nigeria"
2018-06-06,"Bandits attack Zamfara communities, sack 10 villages",6/6/2018,Meda,Gusau,Zamfara,1.0,,,,Other Armed Actor,,,,,,,,,,,,,,,1.0,,,,,,,,,,,,,,,Other,,https://www.premiumtimesng.com/news/headlines/271633-bandits-attack-zamfara-communities-sack-10-villages.html,,,12.17357,6.666820049,"Gusau, Zamfara, Nigeria"
2018-06-07,Five bandits killed in Zamfara as army raids camps,6/7/2018,"Danguru, Babandoka and Dansadau",Maru,Zamfara,5.0,,State Actor,,,,,,,,,,,5.0,,,,,,,,,,Gun,,,,,,,,,,,Other,,http://punchng.com/five-bandits-killed-in-zamfara-as-army-raids-camps/,https://www.vanguardngr.com/2018/06/army-troops-raid-bandits-camps-zamfarakill-5/,,11.65114,6.247069836,"Maru, Zamfara, Nigeria"
2018-06-13,Bandits kill 26 in Zamfara fresh attack,6/13/2018,Dutsen-Wake and Oho,Birnin Magaji/Kiyaw,Zamfara,26.0,,,,Other Armed Actor,,,,,,,,,,,,,,,26.0,,,,,,,,,,,,,,,Other,,https://www.premiumtimesng.com/news/top-news/272318-bandits-kill-10-in-zamfara-fresh-attack.html,http://punchng.com/15-dead-in-fresh-zamfara-benue-violence/,https://www.vanguardngr.com/2018/06/least-15-dead-fresh-violence-zamfara/,12.57177,6.803569794,"Birnin Magaji/Kiyaw, Zamfara, Nigeria"
2018-06-23,"Soldiers neutralise 20 armed bandits, arrest three in Zamfara",6/23/2018,Jambrini,Maru,Zamfara,20.0,,State Actor,,,,,,,,,,,20.0,,,,,,,,,,Gun,,,Other,,,,Church,,,,Other,,http://punchng.com/soldiers-neutralise-20-armed-bandits-arrest-three-in-zamfara/,https://www.premiumtimesng.com/regional/nwest/273648-nigerian-army-kills-20-armed-bandits-terrorising-zamfara-official.html,https://guardian.ng/news/army-neutralise-20-armed-bandits-arrest-3-in-zamfara/,11.65114,6.247069836,"Maru, Zamfara, Nigeria"
2018-06-29,23 Corpses Found By Police In Zamfara,6/29/2018,Boko,Zurmi,Zamfara,23.0,,,,Other Armed Actor,,,,,,,,,,,,,,,23.0,,,,Gun,,,Other,,,,,,,,Other,,http://saharareporters.com/2018/07/01/23-corpses-found-police-zamfara-%E2%80%94-no-one-knows-where-theyre,http://sunnewsonline.com/unidentified-corpses-suspects-police-zamfara/,https://www.vanguardngr.com/2018/07/unidentified-corpses-3-suspects-police-net-zamfara/,12.78989,6.776800156,"Zurmi, Zamfara, Nigeria"
2018-07-06,Assassins kill Zamfara monarch,7/6/2018,Kucheri,Chafe,Zamfara,1.0,,,,Other Armed Actor,,,,,,,,,,,,,,,1.0,,,,Gun,,,,Targeted Killing,,,,,,,Other,,http://punchng.com/assassins-kill-zamfara-monarch/,https://guardian.ng/news/police-confirm-killing-of-district-head-by-unidentified-gunmen-in-zamfara/,https://www.vanguardngr.com/2018/07/police-confirm-killing-of-district-head-by-unidentified-gunmen-in-zamfara/,11.9641,6.914760113,"Chafe, Zamfara, Nigeria"
2018-07-11,Police confirm abduction of Chinese national in Zamfara,7/11/2018,Amumu,Bakura,Zamfara,0.0,,,,,Kidnapper,,,,,,,,,,,1.0,,,,,,,,,,,,,,,,,,Other,,https://www.premiumtimesng.com/news/more-news/275953-police-confirm-abduction-of-chinese-national-in-zamfara.html,,,12.72007,5.869190216,"Bakura, Zamfara, Nigeria"
2018-07-14,"Police Foil Attack on Zamfara Community, Kill One Bandit",7/14/2018,Tangaram,Anka,Zamfara,1.0,,State Actor,,Other Armed Actor,,,,,,,,,1.0,,,,,,,,,,Gun,,,,,,,,,,,Other,,https://www.thisdaylive.com/index.php/2018/07/17/police-foil-attack-on-zamfara-community-kill-one-bandit/,,,12.11237,5.930180073,"Anka, Zamfara, Nigeria"
2018-07-17,"30 Killed, 7 Missing In Fresh Zamfara Attacks",7/17/2018,"Sakkida, Farin Zare, Orawa, Gyadde and Sabon Gari",Maradun,Zamfara,30.0,,,,Other Armed Actor,,,,,,,,,,,,,,,30.0,,,,Gun,,,,,,,,,,,Other,Bandits,http://saharareporters.com/2018/07/19/30-killed-7-missing-fresh-zamfara-attacks,https://www.vanguardngr.com/2018/07/breaking-at-least-30-killed-in-raids-on-northwest-nigeria-villages/,https://www.thisdaylive.com/index.php/2018/07/19/again-over-30-killed-in-zamfara-villages/,12.75452,6.28181982,"Maradun, Zamfara, Nigeria"
2018-07-19,"Gunmen 2 kill, injure others in Zamfara market attack",7/19/2018,Karakai,Bungudu,Zamfara,2.0,,,,Other Armed Actor,,,,,,,,,,,,,,,2.0,,,,Gun,,,,,,,,,,,Other,,https://guardian.ng/news/gunmen-2-kill-injure-others-in-zamfara-market-attack/,https://www.vanguardngr.com/2018/07/sporadic-gun-shots-in-zamfara-market-2-killed-others-injured/,,12.26773,6.552030087,"Bungudu, Zamfara, Nigeria"
2018-07-20,Gunmen kill CBN staff,7/20/2018,Gasau,,Zamfara,1.0,,,,Other Armed Actor,,,,,,,,,,,,,,,1.0,,,,Gun,,,,,,,,,,,Other,Gasau LGA,https://www.premiumtimesng.com/regional/nwest/277228-gunmen-kill-cbn-staff-police.html,,,12.17357,6.666820049,"Gasau, Zamfara, Nigeria"
2018-07-23,"Police repel attack on Zamfara communities, arrest notorious bandit",7/23/2018,Chali and Gobirawa,Maru,Zamfara,0.0,,State Actor,,Other Armed Actor,,,,,,,,,0.0,,,,,,,,,,Gun,,,,,,,,,,,Other,,https://www.vanguardngr.com/2018/07/police-repel-attack-on-zamfara-communities-arrest-notorious-bandit/,,,11.65114,6.247069836,"Maru, Zamfara, Nigeria"
2018-07-24,Four Killed as Bandits Invade Zamfara Mosque,7/24/2018,Kawddi,Zurmi,Zamfara,4.0,,,,Other Armed Actor,,,,,,,,,,,,,,,4.0,,,,Gun,,,,,,,,Mosque,,,,,https://www.vanguardngr.com/2018/07/gunmen-kill-four-in-zamfara/,https://www.thisdaylive.com/index.php/2018/07/27/four-killed-as-bandits-invade-zamfara-mosque/,,12.78989,6.776800156,"Zurmi, Zamfara, Nigeria"
2018-07-28,Gunmen kidnap 15 in Zamfara as Buhari deploys massive troops ,7/28/2018,,Maradun,Zamfara,0.0,,,,,Kidnapper,,,,,,,,,,,15.0,,,,,,,Gun,,,,,,,,,,,Other,,https://www.premiumtimesng.com/news/headlines/278215-gunmen-kidnap-15-in-zamfara-as-buhari-deploys-massive-troops.html,https://guardian.ng/news/gunmen-kidnap-15-in-zamfara/,https://www.vanguardngr.com/2018/07/gunmen-kidnap-15-in-zamfara-speaker/,12.552363,6.16284,"Maradun, Zamfara, Nigeria"
2018-07-28,"Irate youths attack police station, set vehicles ablaze in Zamfara",7/28/2018,,Zurmi,Zamfara,0.0,,,,,,,Other,,,,0.0,,,,,,,,,,,,,,,Other,,,Government Building,,,,,,,http://guardian.ng/news/irate-youths-attack-police-station-set-vehicles-ablaze-in-zamfara/,,,12.78989,6.776800156,"Zurmi, Zamfara, Nigeria"
2018-08-02,30 bandits killed in military aircraft raid in Zamfara,8/2/2018,Yanwari and Mashema,Zurmi,Zamfara,30.0,,State Actor,,,,,,,,,,,30.0,,,,,,,,,Bomb,Gun,,,,,,,,,,,Other,,https://punchng.com/20-killed-in-military-aircraft-raid-in-zamfara/,https://www.premiumtimesng.com/news/top-news/278883-278883.html,https://www.vanguardngr.com/2018/08/troops-eliminate-over-30-bandits-in-zamfara-free-kidnapped-victims/,12.78989,6.776800156,"Zurmi, Zamfara, Nigeria"
2018-08-11,Air Force fighter aircraft neutralises bandits in Zamfara forest,8/11/2018,"Sububu Forest, Birnin Magaji and Rugu Forest",Birnin Magaji/Kiyaw,Zamfara,30.0,,State Actor,,,,,,,,,,,30.0,,,,,,,,,Bomb,Gun,,,,,,,,,,,Other,"Aug. 9 - 11; killed a ""large number""",https://www.premiumtimesng.com/regional/nwest/280044-air-force-fighter-aircraft-neutralises-bandits-in-zamfara-forest.html,https://punchng.com/naf-gunships-kill-bandits-in-zamfara-forests/,https://www.vanguardngr.com/2018/08/air-force-hits-bandits-in-zamfara/,12.57177,6.803569794,"Birnin Magaji/Kiyaw, Zamfara, Nigeria"
2018-08-24,NAF hits more bandit camps in Zamfara,8/24/2018,Daji Bawar and Sunke,Anka,Zamfara,30.0,,State Actor,,,,,,,,,,,30.0,,,,,,,,,,Gun,,,,,,,,,,,Other,,https://punchng.com/naf-hits-more-bandit-camps-in-zamfara/,https://www.premiumtimesng.com/regional/nwest/281340-nigeria-air-force-attacks-more-bandit-camps-in-zamfara.html,,12.11237,5.930180073,"Anka, Zamfara, Nigeria"
2018-08-25,NAF neutralises fleeing bandits in Zamfara,8/25/2018,Bayan Ruwa and Rugu Forest,Birnin Magaji/Kiyaw,Zamfara,5.0,,State Actor,,,,,,,,,,,5.0,,,,,,,,,,Gun,,,,,,,,,,,Other,"killed ""several""",https://punchng.com/naf-neutralises-fleeing-bandits-in-zamfara/,,,12.57177,6.803569794,"Birnin Magaji/Kiyaw, Zamfara, Nigeria"
2018-09-12,Bandits Kill 11 in Zamfara,9/12/2018,Badarawa,Shinkafi,Zamfara,11.0,,,,Other Armed Actor,,,,,,,,,,,,,,,11.0,,,,Gun,,,,,,,,,,,Other,,https://www.thisdaylive.com/index.php/2018/09/14/again-bandits-kill-11-in-zamfara/,http://saharareporters.com/2018/09/13/11-killed-20-injured-gunmen-attack-cinema-zamfara-village,https://www.premiumtimesng.com/news/headlines/283558-eleven-killed-21-injured-in-fresh-zamfara-attack.html,13.10666,6.432670116,"Shinkafi, Zamfara, Nigeria"
2018-09-16,APC Supporters Attack Zamfara Governor’s Convoy,9/16/2018,,Gusau,Zamfara,0.0,,State Actor,,Other Armed Actor,,,,,,,,,,0.0,,,,,,,,,Gun,,,Other,,,,,,,,Other,,http://saharareporters.com/2018/09/17/apc-supporters-attack-zamfara-governor%E2%80%99s-convoy,,,12.17357,6.666820049,"Gusau, Zamfara, Nigeria"
2018-09-23,"Bandits kidnap seven in Zamfara, demand N100m",9/23/2018,Nahuche,Bungudu,Zamfara,0.0,,,,Other Armed Actor,,,,,,,,,,,,7.0,,,,,,,Gun,,,,,,,,,,,Other,,https://www.premiumtimesng.com/regional/ssouth-west/285973-bandits-kidnap-seven-in-zamfara-demand-n100m.html,https://www.vanguardngr.com/2018/09/just-in-bandits-kidnap-7-in-zamfara-demand-n100m/,,12.26773,6.552030087,"Bungudu, Zamfara, Nigeria"
2018-10-21,"Gunmen kidnap twins, five others",10/21/2018,"Dauran, Moriki, Birnin Tsaba ",Zurmi,Zamfara,0.0,,,,,Kidnapper,,,,,,,,,,,7.0,,,,,,,Gun,,,,,,,,,,,Other,,https://guardian.ng/news/gunmen-kidnap-twins-weeks-before-their-wedding/,,,12.78989,6.776800156,"Zurmi, Zamfara, Nigeria"
2018-10-26,"Bandits kill policeman, 5 others in Zamfara",10/26/2018,Gurbin Bore,Zurmi,Zamfara,6.0,,,,Other Armed Actor,,,,,,,1.0,,,,,,,,5.0,,,,Gun,,,Other,,,,,,,,Other,,https://www.vanguardngr.com/2018/10/bandits-kill-policeman-5-others-in-zamfara/,https://www.premiumtimesng.com/news/headlines/292843-100-gunmen-attack-zamfara-community-kill-policeman-others.html,,12.78989,6.776800156,"Zurmi, Zamfara, Nigeria"
2018-11-29,"Police ‘kill 104 bandits’ in Zamfara, 16 police officers killed",11/29/2018,Birnin Mogaji,Zurmi,Zamfara,120.0,,State Actor,,,,,,,,,16.0,,104.0,,,,,,,,,,,,,,,,,,,,,Other,,https://www.premiumtimesng.com/news/top-news/298325-cattle-rustling-police-kill-104-bandits-in-zamfara.html,https://www.vanguardngr.com/2018/11/police-kill-104-bandits-in-zamfara-destroy-50-hideouts/,http://saharareporters.com/2018/12/05/police-16-officers-killed-zamfara-ambush,12.78989,6.776800156,"Zurmi, Zamfara, Nigeria"
2018-12-13,Troops kill two bandits in Zamfara,12/13/2018,Tungar Rakumi,Chafe,Zamfara,2.0,,State Actor,,,,,,,,,,,2.0,,,,,,,,,,,,,,,,,,,,,Other,,https://punchng.com/troops-kill-eight-bandits-in-zamfara-sokoto/,,,11.9641,6.914760113,"Chafe, Zamfara, Nigeria"
2018-12-13,Troops kill six bandits in Zamfara,12/13/2018,Dumburum,Zurmi,Zamfara,6.0,,State Actor,,,,,,,,,,,6.0,,,,,,,,,,,,,,,,,,,,,Other,,https://punchng.com/troops-kill-eight-bandits-in-zamfara-sokoto/,,,12.78989,6.776800156,"Zurmi, Zamfara, Nigeria"
2018-12-19,25 Killed As Bandits Sack Three Communities In Zamfara,12/19/2018,"Garin Haladu, Nasarawa Godal, and Garin Kaka",Birnin Magaji/Kiyaw,Zamfara,25.0,,,,Other Armed Actor,,,,,,,,,,,,,,,25.0,,,,Gun,,,,,,,,,,,Other,,http://saharareporters.com/2018/12/21/25-killed-bandits-sack-three-communities-zamfara,https://www.thisdaylive.com/index.php/2018/12/21/25-killed-as-bandits-sack-three-communities-in-zamfara/,https://guardian.ng/news/gunmen-kill-25-in-northern-nigeria-village-raids/,12.467,6.900000095,"Birnin Magaji/Kiyaw, Zamfara, Nigeria"
2018-12-22,17 confirmed killed in fresh Zamfara attack,12/22/2018,Magami,Maradun,Zamfara,17.0,,,,Other Armed Actor,,,,,,,,,,,,,,,17.0,,,,Gun,,,,,,,,,,,Other,,https://www.premiumtimesng.com/news/headlines/,http://saharareporters.com/2018/12/23/week-after-killing-20-zamfara-bandits-kill-another-17-fresh-onslaught,https://guardian.ng/news/gunmen-kill-17-in-zamfara-village-attack/,12.75452,6.28181982,"Maradun, Zamfara, Nigeria"
2018-12-24,Protest Rocks Zamfara Town Over Killings By Bandits​,12/24/2018,,Chafe,Zamfara,0.0,,,,,,,Other,,,,,,,,,,,,0.0,,,,,,,Other,,,Government Building,,,,,Other,,http://saharareporters.com/2018/12/25/protest-rocks-zamfara-town-over-killings-bandits%E2%80%8B,https://www.thisdaylive.com/index.php/2018/12/24/idps-protest-against-incessant-attacks-by-bandits-on-zamfara/,https://www.premiumtimesng.com/news/headlines/302640-just-in-riot-in-zamfara-over-insecurity.html,11.9641,6.914760113,"Chafe, Zamfara, Nigeria"
2018-12-29,"Bandits Kill Soldiers In Zamfara, Casualty Figure Unknown",12/29/2018,Doburu,Zurmi,Zamfara,,,State Actor,,Other Armed Actor,,,,,,,,,,,,,,,,,,Bomb,Gun,,,,,,,,,,,Other,,http://saharareporters.com/2018/12/30/bandits-kill-soldiers-zamfara-casualty-figure-unknown,https://punchng.com/bandits-kill-soldiers-in-zamfara-casualty-figure-unknown/,,12.78989,6.776800156,"Zurmi, Zamfara, Nigeria"
2018-12-28,Air force jets bomb bandits’ hideout in Zamfara,12/28/2018,Tsamari,Birnin Magaji/Kiyaw,Zamfara,5.0,,State Actor,,,,,,,,,,,5.0,,,,,,,,,Bomb,,,,,,,,,,,,Other,"killed ""some"" bandits",https://www.premiumtimesng.com/regional/nwest/303405-air-force-jets-bomb-bandits-hideout-in-zamfara-official.html,https://guardian.ng/news/air-strikes-naf-neutralises-bandits-hideout-in-zamfara/,https://www.vanguardngr.com/2018/12/naf-air-strikes-neutralize-armed-bandits-hideout-in-zamfara/,12.467,6.900000095,"Birnin Magaji/Kiyaw, Zamfara, Nigeria"
2019-01-01,18 feared killed in another Zamfara attack,1/1/2019,Dutsin kure and Manasa,Chafe,Zamfara,18.0,,,,Other Armed Actor,,,,,,,,,,,,,,,18.0,,,,Gun,,,,,,,,,,,Other,Bandits,https://www.premiumtimesng.com/news/headlines/303842-18-feared-killed-in-another-zamfara-attack.html,,,11.9641,6.914760113,"Chafe, Zamfara, Nigeria"
2019-01-03,"Military helicopters kill gang leader, bandits in Zamfara",1/3/2019,Doumbourou,Zurmi,Zamfara,40.0,,State Actor,,,,,,,,,,,40.0,,,,,,,,,,Gun,,,,,,,,,,,Other,"killed ""scores"" of bandits; location est.",https://punchng.com/military-helicopters-kill-gang-leader-bandits-in-zamfara/,https://www.sunnewsonline.com/naf-fighter-aircraft-bombards-bandits-camp-in-zamfara-kills-scores/,https://www.premiumtimesng.com/regional/nwest/304062-zamfara-violence-many-bandits-killed-in-helicopter-attacks-official.html,12.78989,6.776800156,"Zurmi, Zamfara, Nigeria"
2019-01-20,Soldiers kill 58 suspected bandits in Zamfara,1/20/2019,Dumburum and Gando forests,Zurmi,Zamfara,62.0,,State Actor,,Other Armed Actor,,,,,,,2.0,,60.0,,,,,,,,,,Gun,,,,,,,,,,,,"58 bandits, 2 vigilantes, 2 soldiers killed",https://www.premiumtimesng.com/regional/nwest/307514-soldiers-kill-58-suspected-bandits-in-zamfara-official.html,https://www.thisdaylive.com/index.php/2019/01/24/two-soldiers-killed-as-troops-decimate-58-bandits-in-zamfara/,https://www.vanguardngr.com/2019/01/troops-kill-58-bandits-lose-two-men/,12.78989,6.776800156,"Zurmi, Zamfara, Nigeria"
2019-01-26,"Kidnappers storm viewing centre, kidnap seven in Zamfara",1/26/2019,,Birnin Magaji/Kiyaw,Zamfara,0.0,,,,,Kidnapper,,,,,,,,,,,7.0,,,,,,,Gun,,,,,,,,,,,Other,,https://www.premiumtimesng.com/news/headlines/308219-kidnappers-storm-viewing-centre-kidnap-seven-in-zamfara.html,https://punchng.com/gunmen-kidnap-seven-fans-in-zamfara/,https://www.sunnewsonline.com/gunmen-kidnap-7-at-zamfara-viewing-centre/,12.467,6.900000095,"Birnin Magaji/Kiyaw, Zamfara, Nigeria"
2019-01-28,"Troops kill 21 bandits, capture 17 in Zamfara, Katsina; 11 civilians and 1 vigilante also killed",1/28/2019,,Bukkuyum,Zamfara,33.0,,State Actor,,Other Armed Actor,,,,,,,,,22.0,,,,,,11.0,,,,Gun,,,,,,,,,,,Other,recorded between January 22 and 28; LGAs unknown in Katsina ,https://www.premiumtimesng.com/regional/nwest/308708-troops-kill-21-bandits-capture-17-in-zamfara-katsina.html,https://punchng.com/troops-kill-21-bandits-capture-17-in-zamfara-katsina/,https://leadership.ng/2019/01/29/army-arrest-17-bandits-rescue-89-kidnapped-victims-in-katsina-zamfara/,12.13873,5.465079784,"Bukkuyum, Zamfara, Nigeria"
2019-01-28,"Kidnappers storm Zamfara community, abduct 26",1/28/2019,,Zurmi,Zamfara,0.0,,,,,Kidnapper,,,,,,,,,,,26.0,,,,,,,Gun,,,,,,,,,,,Other,,https://www.premiumtimesng.com/news/headlines/308659-kidnappers-storm-zamfara-community-abduct-nursing-mothers-new-bride-others.html,https://www.vanguardngr.com/2019/01/bandits-storm-zamfara-community-abduct-nursing-mothers-new-bride-others/,https://punchng.com/bandits-kidnap-bride-three-nursing-mothers-others-in-zamfara/,12.78989,6.776800156,"Zurmi, Zamfara, Nigeria"
2019-02-03,"Troops kill nine suspected bandits, arrest five, rescue two victims in Zamfara",2/3/2019,"Shinkafi, Birnin Magaji, Sunke Forests ",Birnin Magaji/Kiyaw,Zamfara,9.0,,State Actor,,,,,,,,,,,9.0,,,,,,,,,,,,,,,,,,,,,Other,"""weekly activities""",https://punchng.com/troops-kill-nine-suspected-bandits-arrest-five-rescue-two-victims-in-zamfara/,,,12.467,6.900000095,"Birnin Magaji/Kiyaw, Zamfara, Nigeria"
2019-02-04,"Bandits kill Zamfara senator’s sister, kidnap in-law",2/4/2019,Ruwan Bore,Gusau,Zamfara,1.0,,,,Other Armed Actor,,,,,,,,,,,,1.0,,,1.0,,,,,,,,,,,,,,,Other,,https://www.premiumtimesng.com/news/top-news/310309-bandits-kill-zamfara-senators-sister-kidnap-in-law.html,https://www.vanguardngr.com/2019/02/breaking-over-100-gunmen-kill-senator-marafas-sister-abduct-her-husband/,https://www.sunnewsonline.com/gunmen-kill-senator-marafas-sister-abduct-husband/,12.17357,6.666820049,"Gusau, Zamfara, Nigeria"
2019-02-04,"14 killed in fresh Zamfara attacks, 6 abducted and later freed",2/4/2019,"Wonaka, Ajja, Mada, Doka, Takoka and Tudun Maijatau",Gusau,Zamfara,14.0,,,,Other Armed Actor,,,,,,,,,,,,6.0,,,14.0,,,,,,,,,,,,,,,Other,,https://www.premiumtimesng.com/regional/nwest/310413-15-killed-in-fresh-zamfara-attacks-police.html,https://guardian.ng/news/gunmen-kill-15-security-agents-rescue-six-women-in-zamfara/,https://punchng.com/gunmen-kill-15-kidnap-six-women-in-zamfara/,12.17357,6.666820049,"Gusau, Zamfara, Nigeria"
2019-02-04,11 killed in fresh Zamfara attacks,2/4/2019,Batauna,Bukkuyum,Zamfara,11.0,,,,Other Armed Actor,,,,,,,,,,,,,,,11.0,,,,,,,,,,,,,,,Other,,https://www.premiumtimesng.com/regional/nwest/310413-15-killed-in-fresh-zamfara-attacks-police.html,https://guardian.ng/news/gunmen-kill-15-security-agents-rescue-six-women-in-zamfara/,,12.13873,5.465079784,"Bukkuyum, Zamfara, Nigeria"
2019-02-07,"Bandits kill Katsina Anglican priest …demand N10m ransom for wife, kids",2/7/2019,,Gusau,Zamfara,1.0,,,,Other Armed Actor,,,,,,,,,,,,6.0,,,1.0,,,,Gun,,,,,,,,,,,Other,,https://punchng.com/bandits-kill-katsina-anglican-priest/,https://www.concisenews.global/Anglican+Priest+Killed+By+Bandits+In+Katsina,https://www.premier.org.uk/News/World/Kidnappers-kill-Nigerian-priest-and-demand-ransom-for-release-of-family,12.17357,6.666820049,"Gusau, Zamfara, Nigeria"
2019-02-15,Two People Caught with Four AK-47 Rifles Set Ablaze In Zamfara,2/15/2019,,Gusau,Zamfara,2.0,,,,,,,Other,,,,,,2.0,,,,,,,,,,,,,Other,,,,,,,,Other,,http://saharareporters.com/2019/02/15/breaking-two-people-caught-four-ak-47-rifles-set-ablaze-zamfara,,,12.17357,6.666820049,"Gusau, Zamfara, Nigeria"
2019-02-14,"Nigerian troops kill 37 Zamfara bandits, rescue 80 people",2/14/2019,,Maru,Zamfara,43.0,,State Actor,,Other Armed Actor,,,,,,,6.0,,37.0,,,,,,,,,,,,,,,,,,,,,Other,2/4 - 2/14,https://www.premiumtimesng.com/news/headlines/313383-nigerian-troops-kill-37-zamfara-bandits-rescue-80-people-official.html,,,11.65114,6.247069836,"Maru, Zamfara, Nigeria"
2019-02-20,59 bandits and 7 civil defense fighters killed in clashes,2/20/2019,Danjiba,Chafe,Zamfara,66.0,,,,Other Armed Actor,,,,,,,,,59.0,,,,,,7.0,,,,Gun,,,,,,,,,,,Other,,https://www.aljazeera.com/news/2019/02/dozens-killed-clashes-nigeria-villagers-bandits-190221152744211.html,https://www.vanguardngr.com/2019/02/at-least-59-bandits-killed-in-nw-nigeria-security-sources-resident/,https://www.channelstv.com/2019/02/21/police-confirm-killing-of-six-farmers-in-zamfara/,11.9641,6.914760113,"Chafe, Zamfara, Nigeria"
2019-02-23,Bandits kill APC ward chairman in Zamfara,2/23/2019,Yandoto,Chafe,Zamfara,1.0,,,,Other Armed Actor,,,,,,,,,,1.0,,,,,,,,,Gun,,,,,,,,,,,Other,,https://www.premiumtimesng.com/news/more-news/315312-bandits-kill-apc-ward-chairman-in-zamfara.html,https://guardian.ng/news/election-gunmen-kill-apc-ward-chairman-in-zamfara/,https://www.vanguardngr.com/2019/02/election-gunmen-kill-apc-ward-chairman-in-zamfara/,11.9641,6.914760113,"Chafe, Zamfara, Nigeria"
2019-02-23,3 injured as party supporters clash in Zamfara,2/23/2019,,Birnin Magaji/Kiyaw,Zamfara,0.0,,,,,,,,Election-related Actor,,,,,,,,,,,,0.0,,,,,,,,,,,,,,Other,,https://www.dailytrust.com.ng/3-injured-as-party-supporters-clash-in-zamfara.html,,,12.467,6.900000095,"Birnin Magaji/Kiyaw, Zamfara, Nigeria"
2019-02-27,"Again, Bandits Kill 14, Abduct 40 in Zamfara Community",2/27/2019,Bagega,Anka,Zamfara,19.0,,State Actor,,Other Armed Actor,,,,,,,,,5.0,,,40.0,,,14.0,,,,Gun,,,Other,,,,,,,,Other,,https://www.thisdaylive.com/index.php/2019/03/01/again-bandits-kill-14-abduct-40-in-zamfara-community/,https://www.dailytrust.com.ng/gunmen-kill-13-abduct-district-head-wife-40-others-in-fresh-zamfara-attack.html,,12.11237,5.930180073,"Anka, Zamfara, Nigeria"
2019-02-28,Bandits kill 32 in another Zamfara attack,2/28/2019,,Shinkafi,Zamfara,32.0,,,,Other Armed Actor,,,,,,,,,16.0,,,,,,16.0,,,,Gun,,,,,,,,,,,Other,,https://www.premiumtimesng.com/regional/nwest/317152-suspected-bandits-kill-29-in-fresh-zamfara-attack.html,https://www.dailytrust.com.ng/bandits-kill-32-in-another-zamfara-attack.html,https://www.pmnewsnigeria.com/2019/03/02/bandits-massacre-16-civilian-jtf-13-others-in-zamfara/,13.10666,6.432670116,"Shinkafi, Zamfara, Nigeria"
2019-03-03,"Violence Persists in Zamfara, Bandits Kill 40 in Fresh Attacks",3/3/2019,Kware,Shinkafi,Zamfara,30.0,,,,Other Armed Actor,,,,,,,,,,,,,,,30.0,,,,Gun,,,Other,,,,,,,,Other,,https://www.thisdaylive.com/index.php/2019/03/05/violence-persists-in-zamfara-bandits-kill-40-in-fresh-attacks/,https://www.vanguardngr.com/2019/03/bandits-kill-30-in-zamfara-police-witnesses/,https://www.dailytrust.com.ng/30-killed-in-fresh-zamfara-attack.html,13.10666,6.432670116,"Shinkafi, Zamfara, Nigeria"
2019-03-03,"Violence Persists in Zamfara, Bandits Kill 40 in Fresh Attacks",3/3/2019,,Anka,Zamfara,10.0,,,,Other Armed Actor,,,,,,,,,,,,,,,10.0,,,,Gun,,,,,,,,,,,Other,,https://www.thisdaylive.com/index.php/2019/03/05/violence-persists-in-zamfara-bandits-kill-40-in-fresh-attacks/,https://www.vanguardngr.com/2019/03/bandits-kill-30-in-zamfara-police-witnesses/,https://www.dailytrust.com.ng/30-killed-in-fresh-zamfara-attack.html,12.11237,5.930180073,"Anka, Zamfara, Nigeria"
2019-03-03,Bandits kill 23 CJTF in Tsafe,3/3/2019,,Tsafe,Zamfara,23.0,,,,Other Armed Actor,,,,,,,,,23.0,,,,,,,,,,Gun,,,,,,,,,,,Other,,https://www.premiumtimesng.com/news/top-news/318051-insecurity-at-least-113-reportedly-killed-in-zamfara-in-one-week.html,,,11.95862007,6.918039799,"Tsafe, Zamfara, Nigeria"
2019-03-05,30 CJTF killed in Shinkafi,3/5/2019,,Shinkafi,Zamfara,30.0,,,,Other Armed Actor,,,,,,,,,30.0,,,,,,,,,,,,,,,,,,,,,Other,,https://www.premiumtimesng.com/news/top-news/318051-insecurity-at-least-113-reportedly-killed-in-zamfara-in-one-week.html,,,13.10666,6.432670116,"Shinkafi, Zamfara, Nigeria"
2019-03-07,Bandits kill 20 in Zamfara,3/7/2019,Gando,Bukkuyum,Zamfara,20.0,,,,Other Armed Actor,,,,,,,,,,,,,,,20.0,,,,,,,,,,,,,,,Other,,https://www.dailytrust.com.ng/troops-cjtf-kill-bandits-in-zamfara.html,,,12.13873,5.465079784,"Bukkuyum, Zamfara, Nigeria"
2019-03-08,"Troops, CJTF kill bandits in Zamfara",3/8/2019,Gando ,Bukkuyum,Zamfara,20.0,,State Actor,,Other Armed Actor,,,,,,,,,20.0,,,,,,,,,,,,,,,,,,,,,Other,"killed ""many"" bandits",https://www.dailytrust.com.ng/troops-cjtf-kill-bandits-in-zamfara.html,,,12.13873,5.465079784,"Bukkuyum, Zamfara, Nigeria"
2019-03-08,"Suspected bandits kill 16, injure many in Zamfara",3/8/2019,Dumama,Zurmi,Zamfara,16.0,,,,Other Armed Actor,,,,,,,,,,,,,,,16.0,,,,,,,,,,,,,,,Other,,https://www.premiumtimesng.com/regional/nwest/319099-suspected-bandits-kill-16-injure-many-in-zamfara.html,https://www.thisdaylive.com/index.php/2019/03/11/again-suspected-bandits-kill-16-injure-many-in-zamfara/,https://www.vanguardngr.com/2019/03/bandits-kill-17-in-zamfara-kaduna-several-injured/,12.78989,6.776800156,"Zurmi, Zamfara, Nigeria"
2019-03-11,"55 Suspected Bandits, 3 Soldiers, 1 vigilante Killed in Zamfara In One Month",3/11/2019,"Kagara, Gando, Fankama, Fete and Dumburum forest",Zurmi,Zamfara,59.0,,State Actor,,Other Armed Actor,,,,,,,3.0,,56.0,,,,,,,,,,Gun,,,,,,,,,,,Other,from February 15 - March 11,https://www.premiumtimesng.com/regional/nwest/319885-troops-kill-55-bandits-rescue-760-abductees-in-zamfara.html,https://guardian.ng/news/nigeria/national/troops-kill-55-bandits-rescue-760-abductees-in-zamfara/,https://www.channelstv.com/2019/03/12/55-suspected-bandits-3-soldiers-killed-in-zamfara-in-one-month/,12.78989,6.776800156,"Zurmi, Zamfara, Nigeria"
2019-03-19,Armed bandits invade Zamfara market,3/19/2019,Bingi,Maru,Zamfara,0.0,,,,,,Robber,,,,,,,,,,,,,0.0,,,,Gun,,,,,,,,,,,Other,,http://www.championnews.com.ng/armed-bandits-invade-zamfara-market/,,,11.65114,6.247069836,"Maru, Zamfara, Nigeria"
2019-03-20,"Bandits kill policeman, abduct six others at Zamfara goldmine",3/20/2019,Sunke,Anka,Zamfara,1.0,,,,Other Armed Actor,,,,,,,1.0,,,,,6.0,,,,,,,Gun,,,,,,,,,,,Other,,https://www.vanguardngr.com/2019/03/breaking-bandits-kill-policeman-abduct-four-others-in-zamfara/,https://www.dailytrust.com.ng/just-in-bandits-kill-policeman-abduct-six-others-at-zamfara-goldmine.html,https://www.premiumtimesng.com/regional/nwest/321571-bandits-kill-policeman-kidnap-five-others.html,12.11237,5.930180073,"Anka, Zamfara, Nigeria"
2019-03-26,Zamfara Police confirm abduction of expatriate doctor,3/26/2019,,Tsafe,Zamfara,0.0,,,,,Kidnapper,,,,,,,,,,,1.0,,,,,,,,,,,,,,,,,,Other,,https://www.evernote.com/l/AYLU3hVFJXJPE44T8wZCvB4cV7ZSg2d-bBo,https://www.evernote.com/l/AYLBmbcY9ztER78URIiG-qKD3o4s0ihLElI,https://www.evernote.com/l/AYLp722o13pDCK1WTUyKklJGyZIRz5JWXqc,11.9641,6.914760113,"Tsafe, Zamfara, Nigeria"
2019-03-30,"Army kills bandit, rescue women in Zamfara; two vigilantes also killed",3/30/2019,,Tsafe,Zamfara,3.0,,State Actor,,Other Armed Actor,,,,,,,,,3.0,,,,,,,,,,Gun,,,,,,,,,,,Other,,https://www.evernote.com/l/AYLxCJ1qkGRNPbUlR6X4xaRBGJRPWHmN1MU,,,11.9641,6.914760113,"Tsafe, Zamfara, Nigeria"
2019-03-30,Bandits shoot dead 43 farmers in Zamfara,3/30/2019,Kursasa,Shinkafi,Zamfara,43.0,,,,Other Armed Actor,,,,,,,,,,,,,,,43.0,,,,Gun,,,,,,,,,,,Other,,https://www.evernote.com/l/AYJeqDf8gLRDx5sCoDnCrjCguWCq6LJBeWw,https://www.evernote.com/l/AYLdB4XI7zpLUK_Nwa7dTCjQQ3dQ7Y-0SRg,https://www.evernote.com/l/AYKic2QyCDVDCY7Co7izWubD9UAojTNph7E,13.10666,6.432670116,"Shinkafi, Zamfara, Nigeria"
2019-03-30,"Bank manager, two relatives kidnapped in Zamfara",3/30/2019,Gada Biyu,Gusau,Zamfara,0.0,,,,,Kidnapper,,,,,,,,,,,3.0,,,,,,,,,,,,,,,,,,Other,,https://www.evernote.com/l/AYJU0njLmL5A47q_s08Z3-JBko0nzlfE4a0,https://www.evernote.com/l/AYIzkJQJ2wFD-rrMYa-ktpUg3WGaiuJe8vQ,,12.17357,6.666820049,"Gusau, Zamfara, Nigeria"
2019-03-31,"NAF Repels Attacks In Zamafara, Neutralises Five Bandits",3/31/2019,Hayin Mahe and Hayin Kanawa,Gusau,Zamfara,5.0,,State Actor,,Other Armed Actor,,,,,,,,,5.0,,,,,,,,,,Gun,,,,,,,,,,,Other,,https://www.evernote.com/l/AYK6kHuXRkNGS6RheiGvXaQnuIJ0-s7M7to,https://www.evernote.com/l/AYL6qmUk645Dp6WrLl5tghk3_9BxLWRQ5oY,https://www.evernote.com/l/AYLlksO1yu1IMoa5pFv_0i05Ev-3V5wT8Wg,12.17357,6.666820049,"Gusau, Zamfara, Nigeria"
2019-03-31,Gunmen kidnap brothers of Zamfara APC governorship candidate,3/31/2019,,Gusau,Zamfara,0.0,,,,,Kidnapper,,,,,,,,,,,2.0,,,,,,,,,,,,,,,,,,Other,,https://www.evernote.com/l/AYJq7h7Hy45OdaLVHoHTkztQtGGpA45QJwQ,,,12.17357,6.666820049,"Gusau, Zamfara, Nigeria"
2019-04-02,"50 civilian JTF, others killed in Zamfara",4/2/2019,,Kaura-Na,Zamfara,50.0,,,,Other Armed Actor,,,,,,,,,,,,,,,50.0,,,,,,,,,,,,,,,Other,,https://www.evernote.com/shard/s386/sh/620bbdec-e197-4fca-b8cf-957bdea62b33/97e76d2bed9c0dde931a5a819fae4485,https://www.evernote.com/shard/s386/sh/7c530d55-dfae-4542-9014-bc1432de7af9/ea2081db585d3afef03214cc7f958735,https://www.evernote.com/shard/s386/sh/c85b11ef-1be1-4905-93a6-3753dcbe05a2/53fde8c9c49b7983ff073e18e14cb299,12.5951892,6.5863469,"Kaura-Na, Zamfara, Nigeria"
